{
    "version": "1.0.0",
    "type": "mocks",
    "data": [
        {
            "id": "d8e68d75957440c0ad4497abee883cce",
            "scenario_id": null,
            "name": "Mock1",
            "is_enabled": true,
            "method": "rotate",
            "response_id": null,
            "request": {
                "id": "dfae3e1cb1fc4522950ed92eafa3f109",
                "mock_id": "d8e68d75957440c0ad4497abee883cce",
                "method": "POST",
                "proxy": null,
                "path": "/api/path1"
            },
            "responses": [
                {
                    "id": "0d0c7d615c8f43968f1db1b1971ebed7",
                    "mock_id": "d8e68d75957440c0ad4497abee883cce",
                    "is_enabled": true,
                    "is_single_use": false,
                    "type": "mock_json",
                    "name": "Standard response",
                    "status": 200,
                    "delay_mode": "static",
                    "delay_from": 0,
                    "delay_to": 0,
                    "delay": 200,
                    "body": "{\"name\":\"Standard response\",\"date\":\"{{DATE}}\"}",
                    "body_path": null,
                    "order": 0,
                    "response_headers": [
                        {
                            "id": "6fcf5477a22d49e4be1afe354c91457f",
                            "type": "mock_response",
                            "proxy_id": null,
                            "mock_id": "d8e68d75957440c0ad4497abee883cce",
                            "request_id": null,
                            "response_id": "0d0c7d615c8f43968f1db1b1971ebed7",
                            "name": "MockResponseHeaderKey",
                            "value": "MockResponseHeaderValue"
                        }
                    ],
                    "response_interceptors": []
                },
                {
                    "id": "91a0989c9ca6464c8483fc58b75816f2",
                    "mock_id": "d8e68d75957440c0ad4497abee883cce",
                    "is_enabled": true,
                    "is_single_use": false,
                    "type": "mock_json",
                    "name": "Single use response",
                    "status": 201,
                    "delay_mode": "static",
                    "delay_from": 0,
                    "delay_to": 0,
                    "delay": 200,
                    "body": "{\"name\":\"Single use response\",\"date\":\"{{DATE}}\"}",
                    "body_path": null,
                    "order": 1,
                    "response_headers": [],
                    "response_interceptors": []
                },
                {
                    "id": "a2eb8b9b95d64576b2642432220720a2",
                    "mock_id": "d8e68d75957440c0ad4497abee883cce",
                    "is_enabled": true,
                    "is_single_use": false,
                    "type": "mock_json",
                    "name": "Error response",
                    "status": 404,
                    "delay_mode": "none",
                    "delay_from": 0,
                    "delay_to": 0,
                    "delay": 0,
                    "body": "{\"name\":\"Error response\",\"date\":\"{{DATE}}\",\"error\":{\"code\":\"some_error_code\"}}",
                    "body_path": null,
                    "order": 2,
                    "response_headers": [
                        {
                            "id": "08e96b8603734a7bbed2f24ddbce2165",
                            "type": "mock_response",
                            "proxy_id": null,
                            "mock_id": "d8e68d75957440c0ad4497abee883cce",
                            "request_id": null,
                            "response_id": "a2eb8b9b95d64576b2642432220720a2",
                            "name": "SomeErrorHeaderKey",
                            "value": "SomeErrorHeaderValue"
                        }
                    ],
                    "response_interceptors": []
                }
            ]
        },
        {
            "id": "937c1ed053c84d708d713e32dc99ca79",
            "scenario_id": null,
            "name": "Mock2",
            "is_enabled": true,
            "method": "sequential",
            "response_id": null,
            "request": {
                "id": "b0a2745d89764379ad5c4cb73fda255d",
                "mock_id": "937c1ed053c84d708d713e32dc99ca79",
                "method": "GET",
                "proxy": null,
                "path": "/api/path2"
            },
            "responses": [
                {
                    "id": "197649d6e97d4f4189b577faffdbd4da",
                    "mock_id": "937c1ed053c84d708d713e32dc99ca79",
                    "is_enabled": true,
                    "is_single_use": false,
                    "type": "mock_json",
                    "name": "Standard response",
                    "status": 200,
                    "delay_mode": "random",
                    "delay_from": 100,
                    "delay_to": 200,
                    "delay": 0,
                    "body": "{\"name\":\"Standard response\",\"date\":\"{{DATE}}\"}",
                    "body_path": null,
                    "order": 0,
                    "response_headers": [],
                    "response_interceptors": []
                },
                {
                    "id": "6b1f0407b8be427483a543f717b8fbb6",
                    "mock_id": "937c1ed053c84d708d713e32dc99ca79",
                    "is_enabled": true,
                    "is_single_use": false,
                    "type": "mock_json",
                    "name": "Replace value response",
                    "status": 200,
                    "delay_mode": "static",
                    "delay_from": 0,
                    "delay_to": 0,
                    "delay": 10,
                    "body": "{\"name\":\"Replace value response\",\"date\":\"{{DATE}}\"}",
                    "body_path": null,
                    "order": 1,
                    "response_headers": [],
                    "response_interceptors": [
                        {
                            "id": "8e2208b76b27442aa5ecd80047a9a3d1",
                            "mock_id": "937c1ed053c84d708d713e32dc99ca79",
                            "response_id": "6b1f0407b8be427483a543f717b8fbb6",
                            "type": "value_replace",
                            "name": "Replace name",
                            "configuration": "[{\"key_path\":\"name\",\"value\":\"New value\"}]"
                        }
                    ]
                },
                {
                    "id": "047fc60b23ac447c8ac533164ec46a71",
                    "mock_id": "937c1ed053c84d708d713e32dc99ca79",
                    "is_enabled": true,
                    "is_single_use": false,
                    "type": "mock_file",
                    "name": "File response",
                    "status": 200,
                    "delay_mode": "none",
                    "delay_from": 0,
                    "delay_to": 0,
                    "delay": 0,
                    "body": null,
                    "body_path": "../../docs/resources/panel_mocks.png",
                    "order": 2,
                    "response_headers": [],
                    "response_interceptors": []
                },
                {
                    "id": "4fd6f6754e6845cd8af5fea08aa76128",
                    "mock_id": "937c1ed053c84d708d713e32dc99ca79",
                    "is_enabled": true,
                    "is_single_use": false,
                    "type": "mock_json",
                    "name": "Set value response",
                    "status": 200,
                    "delay_mode": "none",
                    "delay_from": 0,
                    "delay_to": 0,
                    "delay": 0,
                    "body": "{\"name\":\"Set value response\",\"date\":\"{{DATE}}\",\"id\":\"some_id\"}",
                    "body_path": null,
                    "order": 3,
                    "response_headers": [],
                    "response_interceptors": [
                        {
                            "id": "2054806a35d14a1b910a2e5f7a2144d5",
                            "mock_id": "937c1ed053c84d708d713e32dc99ca79",
                            "response_id": "4fd6f6754e6845cd8af5fea08aa76128",
                            "type": "update_environment",
                            "name": "Update environment",
                            "configuration": "[{\"key_path\":\"id\",\"name\":\"RESPONSE_ID\"}]"
                        }
                    ]
                },
                {
                    "id": "3077d567650a406ba80aaccf5c08792f",
                    "mock_id": "937c1ed053c84d708d713e32dc99ca79",
                    "is_enabled": true,
                    "is_single_use": false,
                    "type": "mock_json",
                    "name": "Environment value response",
                    "status": 200,
                    "delay_mode": "none",
                    "delay_from": 0,
                    "delay_to": 0,
                    "delay": 0,
                    "body": "{\"name\":\"Environment value response\",\"date\":\"{{DATE}}\",\"id\":\"{{RESPONSE_ID}}\"}",
                    "body_path": null,
                    "order": 4,
                    "response_headers": [],
                    "response_interceptors": []
                }
            ]
        },
        {
            "id": "be5802b8336d4522ab2b6c6abfacb675",
            "scenario_id": null,
            "name": "Proxy1",
            "is_enabled": true,
            "method": "rotate",
            "response_id": null,
            "request": {
                "id": "acc2b46548ca482a9089fa71251e5bbf",
                "mock_id": "be5802b8336d4522ab2b6c6abfacb675",
                "method": "GET",
                "proxy": null,
                "path": "/v1/be865410-fafd-4248-ad4b-f7879a6446ef"
            },
            "responses": [
                {
                    "id": "bc7afcc7d6e444408a52b1fba3e02528",
                    "mock_id": "be5802b8336d4522ab2b6c6abfacb675",
                    "is_enabled": true,
                    "is_single_use": false,
                    "type": "proxy",
                    "name": "Proxy response",
                    "status": 200,
                    "delay_mode": "none",
                    "delay_from": 0,
                    "delay_to": 0,
                    "delay": 0,
                    "body": null,
                    "body_path": null,
                    "order": 0,
                    "response_headers": [],
                    "response_interceptors": []
                },
                {
                    "id": "1f361e528a2844868fd9572b7fc50a37",
                    "mock_id": "be5802b8336d4522ab2b6c6abfacb675",
                    "is_enabled": true,
                    "is_single_use": false,
                    "type": "proxy",
                    "name": "Proxy updated response",
                    "status": 200,
                    "delay_mode": "none",
                    "delay_from": 0,
                    "delay_to": 0,
                    "delay": 0,
                    "body": null,
                    "body_path": null,
                    "order": 1,
                    "response_headers": [
                        {
                            "id": "36eee8a545ed46ea82d66798aeba3179",
                            "type": "mock_response",
                            "proxy_id": null,
                            "mock_id": "be5802b8336d4522ab2b6c6abfacb675",
                            "request_id": null,
                            "response_id": "1f361e528a2844868fd9572b7fc50a37",
                            "name": "SomeProxyHeaderKey",
                            "value": "SomeProxyHeaderValue"
                        }
                    ],
                    "response_interceptors": [
                        {
                            "id": "1b35414a29c84be0b0d5b3182fca164c",
                            "mock_id": "be5802b8336d4522ab2b6c6abfacb675",
                            "response_id": "1f361e528a2844868fd9572b7fc50a37",
                            "type": "value_replace",
                            "name": "Replace value",
                            "configuration": "[{\"key_path\":\"[*].name\",\"value\":\"Mock employee name\"}]"
                        }
                    ]
                }
            ]
        }
    ]
}